{
	"id": "com.sap.sample.box",
	"version": "1.0.0",
	"name": "Box",
	"description": "A colored box",
	"newInstancePrefix": "Box",
	"icon": "https://github.com/ASalynin/SDK/blob/master/icon.png",
	"vendor": "SAPRUN",
	"eula": "",
	"license": "",
	"webcomponents": [
		{
			"kind": "main",
			"tag": "com.sap.sample.box",
			"url": "https://github.com/ASalynin/SDK/blob/master/box.js",
			"integrity": "",
			"ignoreIntegrity": true
		},
		{
			"kind": "styling",
			"tag": "com-sap-sample-box-sps",
			"url": "https://github.com/ASalynin/SDK/blob/master/box_sps.js",
			"integrity": "",
			"ignoreIntegrity": true
		},
		{
			"kind": "builder",
			"tag": "com-sap-sample-box-bps",
			"url": "https://github.com/ASalynin/SDK/blob/master/box_bps.js",
			"integrity": "",
			"ignoreIntegrity": true
		}
	],
	"properties": {
		"color": {
			"type": "string",
			"description": "Background color",
			"default": "grey"
		},
		"opacity": {
			"type": "number",
			"description": "Opacity",
			"default": "1"
		},
		"width": {
			"type": "integer",
			"default": 100
		},
		"height": {
			"type": "integer",
			"default": 100
		}
	},
	"methods": {
		"setColor": {
			"description": "Sets the background color.",
			"parameters": [
				{
					"name": "newColor",
					"type": "string",
					"description": "The new background color"
				}
			],
			"body": "this.color = newColor;"
		},
		"getColor": {
			"returnType": "string",
			"description": "Returns the background color.",
			"body": "return this.color;"
		}
	},
	"events": {
		"onClick": {
			"description": "Called when the user clicks the Box."
		}
	}
}
